<?xml version="1.0" encoding="UTF-8"?>
<root>
  <item name="cn.qqtheme.framework.util.FileUtils java.io.File[] listDirs(java.lang.String, java.lang.String[], int) 2">
    <annotation name="android.support.annotation.IntDef">
      <val name="flag" val="false" />
      <val name="value" val="{cn.qqtheme.framework.util.FileUtils.BY_NAME_ASC, cn.qqtheme.framework.util.FileUtils.BY_NAME_DESC, cn.qqtheme.framework.util.FileUtils.BY_TIME_ASC, cn.qqtheme.framework.util.FileUtils.BY_TIME_DESC, cn.qqtheme.framework.util.FileUtils.BY_SIZE_ASC, cn.qqtheme.framework.util.FileUtils.BY_SIZE_DESC, cn.qqtheme.framework.util.FileUtils.BY_EXTENSION_ASC, cn.qqtheme.framework.util.FileUtils.BY_EXTENSION_DESC}" />
    </annotation>
  </item>
  <item name="cn.qqtheme.framework.util.FileUtils java.io.File[] listFiles(java.lang.String, java.util.regex.Pattern, int) 2">
    <annotation name="android.support.annotation.IntDef">
      <val name="flag" val="false" />
      <val name="value" val="{cn.qqtheme.framework.util.FileUtils.BY_NAME_ASC, cn.qqtheme.framework.util.FileUtils.BY_NAME_DESC, cn.qqtheme.framework.util.FileUtils.BY_TIME_ASC, cn.qqtheme.framework.util.FileUtils.BY_TIME_DESC, cn.qqtheme.framework.util.FileUtils.BY_SIZE_ASC, cn.qqtheme.framework.util.FileUtils.BY_SIZE_DESC, cn.qqtheme.framework.util.FileUtils.BY_EXTENSION_ASC, cn.qqtheme.framework.util.FileUtils.BY_EXTENSION_DESC}" />
    </annotation>
  </item>
</root>

